statefp,countyfp,area
"31","129",1491.364
"39","003",1053.739
"39","085",2536.109
"29","011",1545.503
"26","089",6558.347
"08","115",1422.950
"31","089",6261.284
"13","227",602.722
"28","069",1986.586
"17","083",977.749
"12","095",2598.283
"48","181",2536.108
"48","107",2335.377
"72","151",215.598
"40","003",2282.939
"21","193",887.354
"19","121",1455.983
"48","005",2239.580
"17","011",2262.409
"18","157",1303.394
"26","037",1488.116
"72","133",199.285
"37","131",1425.924
"46","081",2072.795
"08","059",
"20","035",2932.971
"51","045",852.564
"25","027",4090.011
"06","031",3604.047
"20","115",2470.156
"13","291",852.280
"22","053",1705.744
"08","037",4381.725
"29","209",1322.492
"16","069",2218.393
"13","113",516.245
"02","275",9004.373
"20","001",1308.786
"19","165",1531.597
"34","009",1606.587
"33","005",1887.956
"24","009",893.739
"35","043",
"40","147",1099.073
"48","323",3345.691
"37","163",2454.281
"47","163",1112.934
"56","011",7421.256
"18","139",1057.908
"29","195",1986.304
"24","003",1522.387
"54","101",1440.626
"17","155",445.844
"05","023",1532.969
"27","061",7583.201
"10","005",3098.720
"18","059",795.191
"29","097",1660.887
"53","061",5686.971
"17","125",1459.663
"53","077",11163.924
"48","213",2456.273
"18","087",1001.555
"13","225",391.913
"54","037",548.223
"48","439",2336.938
"28","123",1580.904
"18","083",1357.269
"31","047",2640.319
"30","027",11266.512
"06","069",3601.311
"30","039",4487.876
"26","165",1490.331
"51","173",1172.511
"27","059",1169.734
"48","467",2226.400
"34","029",2369.415
"17","141",1977.283
"20","027",1698.017
"29","025",1112.753
"21","013",935.288
"06","019",15568.750
"48","111",3898.276
"48","499",1801.903
"55","115",2355.325
"27","079",1227.185
"72","143",97.124
"24","025",1364.038
"55","015",1028.425
"53","049",3176.718
"02","013",
"36","055",3539.747
"15","007",
"28","103",1812.940
"41","065",6202.838
"47","189",1511.183
"36","095",1622.181
"54","049",806.829
"55","031",3832.342
"37","065",1312.780
"51","720",19.455
"40","087",1502.867
"72","149",95.921
"13","301",742.518
"30","085",6136.975
"53","015",3021.041
"37","197",874.729
"20","169",1868.191
"17","043",871.244
"31","059",1493.193
"02","016",
"21","139",886.641
"42","001",1351.172
"49","049",5553.512
"36","047",250.770
"21","219",976.571
"42","095",976.804
"39","029",1384.936
"12","083",4306.276
"17","097",3543.954
"08","063",5598.754
"47","091",783.964
"21","041",355.644
"47","139",1145.530
"38","075",2312.762
"48","451",3990.043
"19","135",1124.844
"45","033",1053.659
"31","065",1866.458
"38","025",5392.499
"26","023",1346.026
"21","191",730.165
"47","051",1491.188
"13","131",1192.078
"06","063",6768.789
"49","051",3127.583
"39","035",3225.904
"30","069",4336.976
"47","033",688.261
"35","051",10976.926
"31","123",3703.323
"20","019",1669.938
"01","111",1512.901
"30","091",4415.331
"45","091",1802.181
"18","175",1337.984
"16","025",2793.802
"54","041",1009.180
"40","119",1805.878
"21","179",1098.352
"51","570",20.242
"25","011",1876.520
"48","057",2674.592
"21","003",911.321
"38","099",3351.528
"47","129",1353.263
"08","027",1916.396
"18","111",1044.889
"05","049",1606.627
"16","033",4569.001
"27","105",1871.397
"16","053",1560.539
"05","015",1654.221
"18","179",958.938
"21","127",1087.970
"48","289",2798.791
"08","097",2520.578
"46","097",1481.272
"72","039",172.770
"51","133",739.715
"55","047",984.517
"13","013",421.992
"48","357",2378.124
"47","095",502.181
"01","125",3499.725
"51","145",679.365
"51","610",5.300
"39","119",1741.990
"38","011",3022.654
"48","417",2371.258
"36","039",1704.342
"19","011",1860.554
"37","083",1891.393
"20","023",2644.240
"48","169",2321.147
"06","027",26487.598
"29","023",1810.380
"05","059",1611.629
"19","129",1141.257
"28","161",1282.055
"22","039",1760.218
"06","013",2082.516
"31","141",1773.078
"48","325",3456.426
"09","013",1080.357
"08","079",2273.431
"18","043",385.934
"06","003",1924.850
"48","371",12340.809
"47","145",1022.986
"48","239",2219.286
"09","015",1349.956
"39","157",1480.050
"56","005",12448.303
"05","037",1611.767
"01","117",2096.651
"51","685",6.539
"30","003",12991.677
"31","165",5354.406
"48","089",2521.834
"40","065",2082.975
"22","067",2087.749
"18","109",1060.415
"13","285",1155.036
"06","023",10495.292
"51","183",1276.420
"35","041",6353.923
"40","045",3190.463
"34","035",789.825
"51","015",2514.246
"29","167",1663.844
"16","071",3109.264
"35","027",12513.086
"18","155",578.704
"33","003",2573.136
"20","109",2779.315
"55","025",3205.116
"38","037",4314.958
"26","067",1502.301
"12","105",5206.944
"29","007",1804.762
"45","029",2935.197
"05","055",1500.995
"21","103",754.002
"31","183",1490.777
"54","025",2653.468
"51","051",863.942
"51","520",
"17","197",2199.478
"48","117",3880.677
"29","047",1058.450
"19","057",1113.111
"34","011",1755.611
"48","021",2319.450
"21","125",1149.160
"29","115",1609.356
"48","387",2736.933
"13","051",1631.626
"30","055",6946.357
"45","061",1065.087
"36","121",1544.378
"51","690",28.510
"17","117",2247.342
"17","081",1512.041
"20","179",2321.166
"06","101",1575.787
"48","423",2459.768
"53","025",7229.816
"48","025",2280.056
"53","001",4998.164
"32","009",9295.603
"13","217",723.119
"34","019",1132.848
"47","021",795.357
"19","141",1484.602
"01","127",2085.441
"01","101",2071.763
"37","019",2718.304
"42","119",822.963
"19","183",1478.598
"47","151",1381.071
"30","019",3694.388
"19","167",1991.683
"36","071",2171.993
"08","049",4842.163
"39","175",1055.596
"19","029",1463.210
"05","137",1578.597
"32","001",13012.534
"09","007",1137.173
"20","039",2315.831
"39","115",1092.407
"20","111",2215.520
"37","109",789.590
"13","279",960.865
"18","171",948.987
"12","041",920.068
"51","595",18.047
"18","037",1127.509
"40","063",2110.037
"30","073",4251.590
"29","119",1397.767
"48","271",3535.651
"22","061",1223.704
"48","359",3888.677
"12","043",2555.837
"51","137",889.977
"01","095",1614.027
"17","053",1259.331
"51","079",405.545
"66","010",1477.893
"39","067",1063.880
"48","255",1951.680
"17","171",654.357
"36","113",2412.838
"55","129",2210.080
"13","037",734.463
"48","273",2823.614
"42","011",2242.292
"25","003",2451.309
"37","045",1212.489
"19","049",1532.253
"37","185",1150.733
"48","485",1639.104
"37","137",1454.607
"21","113",452.037
"47","055",1582.947
"20","191",3069.019
"13","311",627.442
"22","059",1715.590
"19","103",1613.727
"02","090",19256.412
"72","037",411.380
"45","041",2083.067
"27","003",1155.323
"24","045",1036.532
"08","123",
"42","067",1019.199
"26","107",1479.509
"48","075",1848.515
"21","227",1418.185
"19","051",1307.566
"12","075",3659.118
"29","169",1428.327
"31","009",1850.118
"48","151",2335.531
"13","069",1560.856
"19","083",1476.282
"45","037",1313.245
"33","015",2059.682
"48","405",1534.040
"18","085",1435.871
"48","199",2324.650
"36","099",1011.233
"54","071",1808.189
"41","055",2152.769
"29","215",3054.175
"05","119",2090.570
"40","023",2070.758
"53","071",3364.303
"48","263",2338.547
"30","099",5936.084
"37","053",1363.440
"18","029",796.167
"39","137",1254.328
"48","411",2948.517
"21","185",508.760
"38","065",1893.493
"50","027",2530.557
"15","001",13173.110
"26","083",15452.557
"45","065",1020.120
"30","061",3168.697
"18","133",1250.172
"13","317",1227.898
"13","035",487.024
"38","069",2803.573
"13","187",736.096
"51","199",556.488
"26","073",1496.231
"47","045",1363.715
"25","021",
"53","067",2004.885
"37","047",2473.434
"48","441",2380.989
"19","189",1040.444
"48","505",2740.248
"21","019",419.635
"47","101",731.640
"51","810",1288.516
"44","003",487.275
"29","143",1804.112
"53","059",4368.221
"31","109",2192.120
"48","327",2336.852
"13","171",481.309
"16","051",2863.786
"47","115",1326.958
"51","181",803.693
"56","013",23998.160
"27","095",1765.348
"08","017",4613.881
"16","045",1462.288
"26","153",4879.356
"13","045",1304.777
"38","013",2923.894
"48","123",2358.158
"02","220",12471.163
"24","015",1082.194
"02","290",382984.124
"04","017",25794.646
"31","131",1603.251
"31","099",1337.338
"51","073",745.872
"20","187",1762.282
"29","163",1773.405
"22","037",1180.459
"29","165",1104.233
"42","015",3007.027
"17","159",937.359
"39","023",1042.519
"51","770",110.985
"47","179",854.241
"12","117",894.425
"46","061",1127.566
"16","085",9669.724
"54","033",1078.775
"17","199",1150.809
"08","001",3065.040
"78","010",861.560
"48","201",4603.667
"53","009",6912.724
"05","107",1883.808
"24","031",1312.880
"48","419",2161.648
"72","129",137.804
"27","037",1519.827
"19","175",1102.812
"21","039",515.355
"60","010",414.850
"51","049",776.444
"28","117",1083.131
"42","111",2799.600
"13","245",851.030
"27","159",1406.960
"37","097",1547.341
"30","017",9824.337
"19","161",1497.870
"19","067",1298.574
"29","207",2147.156
"37","071",941.939
"21","099",1082.223
"20","159",1885.419
"20","135",2784.230
"34","013",335.196
"72","017",80.071
"42","045",493.661
"06","099",3921.019
"35","025",11382.212
"42","055",2001.793
"42","079",2347.214
"26","039",1458.996
"48","307",2780.180
"29","091",2404.476
"72","025",152.984
"05","035",1648.317
"31","091",1868.679
"51","640",21.437
"34","031",513.825
"37","103",1226.869
"21","009",1294.993
"30","023",1920.199
"53","035",1465.496
"22","071",906.099
"12","039",1368.881
"28","075",1852.239
"16","027",1563.569
"20","069",2251.470
"13","111",1016.071
"37","043",571.822
"48","011",2366.801
"01","091",2545.107
"01","049",2016.798
"50","011",1792.564
"48","391",2119.235
"19","053",1381.708
"21","061",797.727
"24","001",1108.264
"18","117",1057.212
"19","151",1498.714
"05","019",2286.518
"48","413",3394.634
"20","151",1905.513
"51","097",845.162
"17","035",898.528
"18","143",499.215
"40","101",2175.626
"48","367",2357.134
"13","183",1045.869
"26","149",1349.452
"34","039",273.217
"36","027",2137.635
"56","017",5196.555
"48","333",1941.890
"48","403",1493.460
"55","123",2114.425
"40","097",1770.283
"16","013",6876.367
"08","031",
"37","005",610.816
"40","033",1662.509
"29","221",1974.835
"17","001",2256.581
"45","031",1466.586
"55","137",1650.847
"02","110",8429.638
"31","045",3628.746
"26","129",1489.108
"48","131",4650.563
"55","065",1643.524
"01","093",1925.841
"21","095",1212.508
"51","037",1236.820
"38","103",3341.832
"39","041",1184.476
"48","065",2393.424
"13","033",2162.595
"16","067",1974.539
"21","059",1234.315
"29","149",2050.092
"26","127",3382.396
"01","011",1619.114
"36","023",1298.929
"42","029",
"24","033",1291.980
"39","099",1101.230
"36","085",264.925
"27","077",4609.064
"55","121",1921.844
"20","107",1570.556
"05","013",1637.902
"08","091",1404.319
"47","125",1408.511
"38","055",6029.390
"01","047",2574.045
"37","195",966.345
"47","079",1536.903
"18","053",1074.586
"13","257",477.072
"48","097",2327.109
"12","071",3140.031
"51","171",1325.636
"21","107",1435.929
"04","009",12018.084
"30","109",2305.737
"13","315",989.673
"16","075",1062.721
"48","095",2573.654
"47","131",1438.597
"27","031",8649.863
"30","009",5338.942
"55","013",2279.771
"37","141",2419.479
"09","001",2167.945
"51","710",249.683
"56","045",6216.030
"13","161",868.677
"48","315",1088.630
"18","075",994.769
"54","089",952.408
"01","079",1857.547
"48","421",2390.621
"29","113",1658.791
"48","013",3163.593
"13","219",482.708
"12","079",1853.636
"31","159",1491.538
"39","019",1033.224
"22","091",1060.569
"55","139",1498.492
"30","021",6173.145
"04","001",29056.191
"13","253",664.477
"48","171",2749.732
"51","099",486.321
"42","075",938.871
"29","057",1311.194
"39","105",1121.478
"40","099",1101.117
"10","001",2067.666
"30","081",6216.865
"20","117",2344.177
"30","105",13110.011
"51","187",564.220
"18","041",557.268
"31","081",1410.869
"13","207",1031.516
"47","053",1563.448
"51","149",729.977
"38","027",1668.324
"53","053",4676.121
"40","025",4768.056
"31","125",1160.912
"06","021",3436.854
"33","001",1217.321
"51","159",560.384
"05","057",1919.640
"35","035",17163.402
"72","115",88.972
"29","117",1394.845
"13","063",373.919
"27","073",2015.038
"55","053",2591.226
"31","017",3173.111
"21","077",271.218
"21","017",755.269
"17","147",1138.246
"19","101",1131.525
"29","179",2109.320
"26","159",2822.838
"47","105",
"13","129",928.912
"12","055",2866.395
"31","157",1930.477
"16","019",4921.728
"21","087",747.966
"46","137",5103.802
"72","029",85.492
"37","051",1705.409
"46","119",2771.787
"55","059",1952.917
"26","139",4225.334
"08","015",2628.716
"38","089",3471.433
"06","089",9964.710
"22","113",3993.942
"37","193",1961.112
"26","021",4095.994
"26","119",1457.234
"17","163",1745.398
"48","137",5490.460
"17","065",1128.904
"56","037",27171.988
"05","031",1845.937
"01","121",1969.221
"26","155",1401.032
"51","620",21.666
"20","189",1884.059
"01","003",5250.603
"13","263",1022.430
"13","085",555.315
"39","135",1104.804
"08","089",3288.517
"13","097",520.779
"37","135",1038.480
"36","079",637.787
"48","093",2454.489
"29","186",1312.540
"31","163",1480.551
"48","491",2938.110
"55","073",4082.687
"53","073",6487.606
"05","009",1559.173
"29","111",1322.954
"40","009",2340.853
"53","003",1658.720
"36","073",2117.109
"26","137",1362.911
"27","173",1976.751
"21","025",1282.738
"45","067",1279.885
"19","015",1485.688
"37","147",1697.868
"19","099",1898.339
"48","287",1642.312
"06","001",2126.522
"20","193",2783.714
"20","143",1868.251
"47","157",2033.222
"21","085",1323.555
"56","029",18039.668
"19","019",1484.310
"27","069",2858.307
"29","141",1590.282
"47","007",1053.474
"13","175",2119.829
"36","061",
"05","039",1730.387
"51","630",27.245
"48","125",2344.513
"55","091",644.136
"20","097",1872.225
"48","233",2317.916
"48","465",8372.576
"55","049",1989.250
"12","001",2509.203
"42","017",1610.598
"30","035",7862.889
"12","113",3040.072
"21","203",823.865
"18","103",977.432
"21","149",663.648
"41","059",8369.597
"46","102",5429.529
"12","061",1597.783
"42","103",1468.134
"20","163",2318.417
"13","117",640.038
"46","111",1477.461
"40","051",2861.761
"55","078",945.240
"35","061",2765.615
"55","029",6138.882
"29","029",1835.429
"40","047",2745.597
"26","091",1972.024
"41","063",8162.028
"51","735",203.293
"45","023",1518.155
"32","003",20877.695
"36","003",2679.029
"13","119",690.174
"21","097",802.585
"42","059",1496.955
"27","001",5167.808
"48","309",2746.017
"47","165",1406.925
"13","297",854.696
"50","017",1791.406
"18","031",966.902
"51","005",1164.779
"27","133",1250.259
"39","015",1278.034
"29","067",2109.794
"05","129",1731.213
"28","097",1056.427
"48","223",2053.269
"40","089",4927.702
"36","043",3776.228
"47","173",640.083
"55","003",5937.188
"42","035",2323.047
"55","125",2635.874
"19","113",1876.884
"13","215",572.416
"20","005",1123.588
"51","093",939.721
"55","131",1128.362
"47","161",1276.897
"08","103",8347.144
"08","087",3351.105
"37","067",1067.934
"42","113",1171.956
"20","089",2368.181
"40","011",2431.628
"53","037",6042.414
"48","377",9986.832
"20","065",2327.773
"01","001",1565.309
"53","047",13759.778
"24","023",1703.601
"72","099",130.440
"18","019",974.871
"55","087",1669.527
"05","033",1566.238
"31","111",6669.523
"48","067",2487.224
"28","137",1064.423
"17","073",2138.524
"41","041",3093.879
"17","061",1414.889
"22","115",3474.430
"72","091",183.077
"51","191",1466.384
"28","013",1522.809
"55","051",2380.624
"26","141",6663.398
"36","105",2581.498
"37","105",671.333
"20","105",1865.975
"13","247",342.131
"31","021",1287.388
"01","005",2342.684
"27","131",1336.281
"13","281",444.932
"54","095",675.201
"53","017",4788.378
"48","081",2403.485
"37","129",851.741
"24","037",1979.403
"35","057",8666.379
"20","017",2014.290
"13","029",1177.036
"54","085",1175.073
"49","001",6694.981
"26","145",2113.341
"72","061",71.913
"21","153",800.714
"48","109",9873.997
"13","271",1149.978
"19","143",1034.429
"17","165",1002.149
"21","027",1516.756
"39","013",1401.895
"27","091",1889.597
"17","195",1803.693
"48","141",2629.591
"28","119",1052.652
"28","157",1781.306
"22","125",
"49","023",8820.950
"40","137",2308.664
"29","205",1300.995
"48","501",2071.287
"28","133",1830.934
"13","055",812.083
"21","215",496.400
"72","101",100.816
"26","061",3888.914
"05","115",2151.648
"30","043",4297.860
"51","059",
"47","001",893.018
"42","125",2229.738
"53","045",2722.189
"30","063",6780.450
"19","077",1536.054
"13","127",1515.785
"46","053",2728.608
"45","011",1443.303
"01","055",1420.940
"55","011",1837.840
"39","103",1095.767
"53","021",3276.228
"31","023",1530.194
"12","131",3210.536
"26","103",8870.760
"31","015",1410.318
"21","209",739.215
"47","013",1290.111
"08","067",4401.898
"26","003",13073.446
"72","067",29.385
"29","109",1588.641
"38","081",2245.194
"17","029",1321.068
"27","121",1857.307
"51","057",740.651
"35","047",12280.048
"26","071",3136.720
"05","141",1875.939
"39","091",1209.128
"20","139",1864.390
"48","225",3202.714
"28","019",1087.420
"17","059",849.806
"39","087",1184.335
"26","015",1494.533
"37","169",1180.524
"39","129",1311.965
"38","047",2618.529
"17","041",1080.559
"05","065",1512.649
"29","051",1033.211
"29","173",1253.124
"48","159",763.445
"13","099",1337.329
"28","101",1501.162
"36","045",4810.534
"28","135",1689.039
"35","013",9880.755
"55","067",2299.376
"19","021",1502.780
"13","261",1275.858
"41","057",3450.922
"48","329",2336.169
"51","660",45.039
"21","091",515.114
"46","013",4483.143
"20","045",1229.303
"48","145",2004.239
"47","083",536.062
"51","077",1154.012
"04","005",48333.883
"39","079",1091.767
"01","087",1588.201
"41","019",13294.302
"23","027",2208.631
"20","133",1496.481
"21","089",918.037
"21","101",1206.870
"72","047",110.265
"40","149",2612.569
"24","035",1322.694
"20","013",1481.746
"72","107",165.191
"47","059",1616.510
"38","067",2904.373
"06","065",18915.097
"19","169",1485.745
"17","157",1546.344
"13","011",605.616
"41","021",3167.129
"48","185",2076.138
"40","145",1530.106
"13","105",969.216
"47","071",1544.391
"13","093",1029.051
"47","143",871.286
"48","503",2410.912
"48","009",2397.276
"39","009",1316.848
"13","221",1144.873
"19","111",1395.715
"26","047",2284.360
"40","079",4166.035
"46","017",1263.296
"40","043",2611.711
"42","093",342.734
"36","037",1282.843
"31","185",1491.389
"21","213",612.442
"05","053",1639.281
"28","037",1467.910
"42","105",2801.173
"40","073",2346.618
"27","053",1570.998
"17","021",1853.797
"26","133",1484.099
"51","031",1312.195
"49","021",8548.866
"46","019",5870.250
"51","730",59.423
"13","021",660.203
"41","015",5152.105
"06","081",1919.071
"53","075",5640.711
"29","217",2167.365
"08","039",4794.087
"48","379",670.361
"20","067",1489.617
"27","011",1367.818
"21","079",605.911
"21","115",684.108
"30","001",14433.839
"72","085",87.781
"49","033",2813.808
"12","053",1525.554
"48","019",2065.955
"30","097",4823.273
"28","151",1971.566
"19","045",1839.346
"72","127",199.308
"20","113",2332.551
"01","081",1595.041
"38","003",3919.699
"22","043",1721.444
"27","109",1696.087
"42","099",1438.836
"08","117",1603.874
"13","223",814.141
"13","079",845.511
"37","153",1242.425
"05","079",1481.899
"13","199",1308.995
"48","099",2736.981
"19","001",1477.002
"08","014",
"12","081",2312.164
"37","139",749.362
"42","057",1134.558
"17","075",2898.281
"19","157",1517.907
"01","083",1572.608
"51","141",1257.987
"38","045",2980.964
"06","045",10044.374
"48","055",1417.124
"27","049",2019.037
"37","173",1399.227
"41","045",25718.052
"35","021",5506.126
"28","023",1796.247
"46","041",6333.238
"45","077",
"18","023",1049.580
"13","003",892.339
"72","021",115.294
"51","127",579.588
"48","167",2263.126
"39","151",1503.703
"17","089",1357.625
"45","055",1917.265
"21","141",1442.703
"21","031",1117.515
"13","309",777.691
"41","009",1784.439
"37","061",2124.354
"22","009",2242.221
"31","161",6396.776
"13","229",888.961
"19","107",1502.001
"05","005",1519.676
"44","007",1128.423
"13","107",1787.569
"31","153",641.084
"13","071",1441.689
"17","173",1989.279
"04","007",12420.268
"28","041",1861.415
"55","005",2304.476
"12","107",2141.716
"26","025",1860.467
"20","127",1820.475
"02","170",65465.295
"29","095",1596.320
"48","337",2430.122
"51","043",461.355
"28","153",2107.001
"19","149",2236.892
"32","029",685.562
"28","159",1580.115
"28","053",1116.890
"45","049",1457.400
"13","185",1322.384
"48","331",2646.557
"51","007",928.568
"13","243",1115.956
"48","399",2737.864
"18","011",1096.214
"40","117",1540.877
"55","009",1594.742
"17","133",1031.746
"37","191",1444.493
"39","011",1040.930
"36","081",461.099
"29","099",1720.489
"36","063",2951.730
"46","047",4530.314
"19","073",1479.559
"46","045",2981.246
"18","071",1331.011
"42","003",1928.301
"38","093",5951.975
"19","171",1870.180
"12","089",1880.126
"13","057",1125.068
"29","199",1137.766
"31","093",1490.778
"55","099",3310.087
"20","083",2228.196
"23","009",6073.343
"45","079",1999.307
"16","047",1901.405
"37","041",605.146
"08","009",6623.544
"48","035",2596.574
"17","015",1209.479
"27","125",1120.157
"42","115",2155.236
"36","025",3800.670
"42","071",2548.030
"29","510",170.921
"35","011",6045.910
"22","111",2344.886
"25","015",1412.201
"40","017",2345.263
"39","017",1217.362
"41","005",4876.908
"18","007",1052.853
"17","185",589.378
"41","007",2806.502
"19","027",1476.980
"12","051",3081.657
"30","087",13015.245
"26","123",2231.789
"20","051",2331.959
"31","103",2004.450
"47","159",842.711
"51","063",988.776
"13","145",1224.952
"48","311",2996.052
"36","031",4963.104
"08","099",4258.775
"39","131",1149.892
"01","131",2350.133
"10","003",1279.526
"20","165",1859.542
"18","107",1309.098
"11","001",177.028
"20","059",1494.776
"54","035",1221.514
"13","137",722.782
"06","041",2145.006
"48","401",2430.462
"13","053",650.503
"16","009",2031.046
"13","019",1185.911
"26","143",1502.249
"40","019",2159.484
"35","055",5707.503
"01","053",2468.620
"35","017",10274.775
"39","123",1515.343
"40","005",2563.682
"40","111",1819.332
"38","083",2604.252
"72","081",159.641
"55","089",2890.930
"55","117",3292.499
"32","005",1910.488
"12","101",2249.276
"56","007",20626.604
"13","059",313.473
"13","159",967.268
"42","069",1204.114
"12","031",2378.809
"05","149",2457.354
"31","011",1779.885
"37","107",1039.530
"31","119",1490.411
"17","191",1853.035
"72","023",459.493
"51","036",528.986
"08","011",3991.397
"05","047",1604.861
"22","075",6649.073
"55","001",1780.565
"45","085",1766.592
"12","005",2675.854
"21","195",2042.379
"23","017",5635.178
"28","129",1650.526
"20","007",2942.653
"22","103",2837.535
"12","111",1781.500
"21","157",881.038
"42","087",1074.110
"20","153",2770.191
"12","003",1525.425
"48","195",2383.845
"48","071",2256.364
"16","061",1242.482
"13","133",1052.082
"27","149",1490.067
"37","111",1153.455
"21","123",682.813
"46","107",2327.509
"38","095",2697.297
"39","061",1068.744
"20","185",2058.825
"49","047",11665.437
"51","011",868.842
"05","087",2168.039
"21","205",741.423
"20","125",1687.330
"47","155",1548.028
"04","023",3204.922
"19","087",1130.575
"29","121",2104.031
"46","059",3730.147
"21","133",878.092
"38","079",2432.883
"21","073",549.099
"54","013",726.957
"05","017",1789.139
"13","157",888.623
"08","051",8442.406
"31","169",1489.179
"20","155",3294.750
"51","650",353.004
"39","031",1469.774
"02","105",
"60","030",147.466
"50","019",1867.819
"21","233",869.344
"31","039",1488.343
"01","027",1569.537
"13","115",1342.819
"31","043",692.616
"54","079",907.529
"13","193",
"37","027",1229.231
"20","101",1858.632
"37","063",771.461
"30","049",9058.661
"47","169",302.104
"12","011",3426.090
"48","133",2413.647
"39","125",1084.807
"19","159",1395.656
"42","065",1701.106
"46","073",1379.405
"32","021",9875.563
"40","115",1255.125
"37","013",2493.765
"28","143",1245.141
"18","005",1060.684
"05","051",1902.419
"56","043",5808.569
"27","071",8168.822
"48","461",3215.475
"06","075",
"54","061",947.624
"48","381",2389.113
"29","089",1221.086
"12","013",1487.465
"46","077",2237.139
"48","153",2570.621
"41","043",5973.992
"48","375",2387.909
"47","019",900.525
"36","059",1174.472
"37","011",641.047
"16","003",3547.009
"06","109",5890.803
"72","093",94.864
"39","037",1553.318
"54","047",1385.380
"09","009",2232.758
"55","105",1880.686
"26","157",2367.018
"05","093",2382.308
"28","095",1999.719
"48","437",2332.781
"06","017",4626.642
"37","073",895.474
"38","019",3910.722
"48","163",2937.947
"33","013",2473.376
"13","031",1783.563
"28","115",1297.639
"48","053",2645.057
"13","259",1200.752
"01","077",1863.755
"51","740",120.906
"01","029",1453.019
"47","187",1512.625
"17","017",993.768
"16","015",4938.931
"16","079",6844.862
"19","105",1494.627
"01","045",1457.328
"49","009",1866.416
"35","019",7849.961
"51","003",1880.238
"28","021",1298.111
"01","123",1984.589
"48","023",2333.756
"27","051",1490.491
"20","037",1541.073
"33","011",2311.512
"48","355",3018.486
"36","083",1723.386
"04","025",21050.231
"34","027",1247.142
"29","211",1687.388
"48","415",2350.528
"20","025",2530.904
"26","051",1336.298
"45","057",1437.569
"34","003",638.266
"72","031",156.237
"49","055",6389.062
"17","101",969.015
"17","019",2586.009
"40","143",1519.843
"39","121",1047.831
"19","139",1163.240
"54","021",880.800
"28","057",1399.759
"23","013",2962.801
"08","021",3343.659
"22","121",527.896
"51","800",1110.865
"29","049",1096.815
"39","159",1131.417
"22","065",
"31","027",1931.734
"29","063",1102.873
"51","683",25.656
"72","089",120.511
"42","039",2687.149
"47","063",455.328
"48","219",2353.170
"48","365",2127.212
"20","197",2071.166
"34","001",1740.045
"55","071",3869.640
"53","069",742.545
"31","137",1399.695
"48","147",2328.098
"20","043",1031.530
"02","130",17230.995
"37","057",1470.164
"42","117",2944.727
"32","013",25013.732
"17","005",991.536
"22","107",1660.676
"08","111",1005.697
"41","029",7255.365
"18","091",1588.335
"17","033",1154.776
"39","051",1054.689
"19","195",1041.024
"18","137",1160.474
"17","055",1117.506
"01","017",1562.057
"47","141",1042.638
"38","009",4396.011
"27","033",1679.772
"05","133",1505.965
"02","020",5035.064
"39","161",1062.981
"26","009",1558.540
"26","075",1873.838
"28","109",2122.090
"21","117",425.528
"47","073",1294.010
"55","085",3202.705
"22","035",1145.893
"21","151",1148.036
"48","251",1902.226
"18","049",961.573
"28","149",1602.047
"13","139",1111.880
"08","045",7655.505
"72","153",176.997
"25","013",1642.414
"19","059",1046.255
"51","061",1687.962
"55","007",5287.978
"21","063",609.484
"32","510",407.257
"04","003",16100.844
"12","007",778.267
"28","091",1420.920
"72","111",175.769
"51","530",16.894
"38","001",2560.628
"48","457",2423.252
"35","033",4995.057
"13","167",794.072
"05","095",1609.162
"54","019",1731.013
"31","149",2620.274
"51","197",1203.683
"48","471",2075.872
"72","145",176.573
"13","091",1303.067
"55","041",2710.473
"31","067",2227.286
"49","035",2086.847
"09","003",1944.088
"31","085",1847.392
"42","047",2155.675
"51","700",309.824
"48","179",2406.963
"05","067",1661.253
"23","031",3288.534
"28","007",1907.955
"18","149",808.609
"27","123",440.570
"27","113",1601.261
"48","253",2427.174
"72","147",683.734
"56","021",6960.704
"48","335",2372.201
"51","678",6.541
"37","079",692.068
"21","167",656.064
"31","061",1491.844
"20","207",1308.599
"30","077",6040.669
"02","158",50915.578
"28","027",1510.358
"12","023",2075.404
"48","447",2371.086
"05","029",1467.717
"29","147",2273.688
"38","073",2237.375
"47","121",561.375
"19","041",1483.006
"29","077",1755.701
"42","077",901.882
"19","033",1489.550
"48","105",7270.989
"08","075",4778.312
"40","077",1888.487
"39","167",1657.590
"18","067",761.253
"21","047",1875.262
"26","101",3317.055
"40","139",5306.093
"13","237",934.174
"47","077",1362.036
"54","043",1135.949
"47","167",
"48","183",714.259
"24","011",844.127
"39","173",1607.161
"16","007",2718.488
"48","285",2513.418
"39","045",1317.169
"53","057",4965.099
"01","007",1621.770
"46","031",6551.766
"21","187",917.494
"27","055",1473.281
"21","181",509.768
"45","025",2086.629
"28","155",1096.159
"51","775",37.878
"51","121",
"35","003",17947.757
"26","109",3465.852
"18","151",835.184
"13","073",796.687
"48","119",719.840
"39","163",1074.790
"72","049",437.274
"13","147",665.492
"17","135",1838.185
"26","131",9687.696
"41","003",1756.453
"42","063",2160.783
"29","081",1881.381
"37","025",942.656
"12","093",2310.051
"05","069",2366.686
"27","171",1849.902
"18","165",673.170
"06","055",2042.282
"31","025",1465.652
"26","053",3824.672
"04","013",23892.972
"17","129",816.910
"51","111",1119.841
"04","019",23803.712
"31","179",1148.232
"20","061",1047.876
"24","021",1728.596
"06","095",2347.161
"20","009",2332.632
"28","127",1529.309
"28","131",1160.513
"29","017",1608.895
"13","023",567.548
"20","015",3746.488
"28","121",2087.752
"47","181",1905.358
"19","123",1485.093
"13","151",845.587
"47","107",1119.338
"40","123",1878.431
"35","028",283.052
"72","117",140.930
"25","017",2193.554
"48","347",2541.304
"13","095",866.536
"01","023",2385.015
"20","057",2846.606
"28","051",1980.346
"37","007",1391.081
"02","100",7110.573
"78","020",237.668
"22","127",2478.160
"42","013",1365.101
"16","031",6684.057
"32","015",14295.446
"36","057",1062.666
"27","035",2995.451
"29","181",1635.942
"37","177",1546.679
"48","049",2478.496
"19","009",1148.417
"40","121",3568.709
"29","001",1474.831
"21","131",1047.396
"27","137",17766.054
"39","093",2391.691
"47","147",1234.106
"26","099",1478.678
"30","005",10977.277
"29","053",1474.171
"54","083",2693.479
"13","213",897.955
"01","015",1585.782
"06","007",4343.750
"27","115",3715.484
"22","013",2129.154
"13","295",1157.818
"19","023",1506.746
"29","027",2194.708
"12","123",3191.376
"30","025",4203.236
"23","005",3153.212
"12","019",1666.771
"45","005",1068.155
"28","043",1163.951
"51","125",1228.209
"31","035",1485.458
"48","267",3240.530
"26","111",1367.692
"21","093",1632.033
"35","049",4950.505
"48","425",497.160
"31","147",1436.339
"47","109",1459.748
"39","049",1407.980
"45","053",1817.086
"46","049",2605.249
"37","157",1483.441
"41","031",4642.190
"48","281",1849.084
"69","110",651.658
"31","063",2538.393
"05","131",1413.046
"48","409",1833.568
"22","089",1028.008
"55","111",2199.379
"51","095",463.971
"22","105",2186.162
"41","013",7736.396
"13","273",874.647
"27","085",1309.311
"53","041",6310.106
"20","199",2366.489
"16","041",1729.365
"01","063",1709.198
"19","147",1474.829
"27","039",1138.525
"27","047",1871.062
"25","001",3381.336
"17","049",1243.180
"39","069",1087.149
"38","057",2881.614
"29","019",1789.803
"48","305",2314.095
"40","029",1350.511
"31","105",2466.718
"17","031",4233.684
"45","047",1198.959
"06","035",12225.043
"39","021",1113.263
"48","259",1717.245
"38","029",4028.238
"22","087",5581.954
"02","198",
"41","023",11728.821
"35","006",11764.061
"38","043",3710.972
"42","107",2027.481
"38","087",3158.501
"01","119",2365.534
"51","087",634.113
"48","209",1761.017
"51","067",1843.076
"42","021",1796.501
"40","037",2511.032
"18","039",1212.038
"47","085",1441.853
"20","063",2775.847
"24","027",656.288
"48","495",2178.896
"46","071",4846.540
"22","093",667.751
"51","013",67.607
"48","087",2381.029
"48","497",2389.408
"13","169",1024.124
"55","045",1513.980
"22","079",3526.676
"29","161",1746.486
"27","167",1945.562
"17","149",2198.442
"08","053",2908.939
"40","069",1705.138
"21","023",541.174
"55","037",1288.344
"38","077",3743.414
"16","035",6444.006
"46","121",3602.301
"46","125",1599.825
"36","065",3257.279
"56","031",5467.056
"53","005",4557.604
"22","051",1662.868
"51","001",3392.986
"26","081",2258.320
"06","077",3695.238
"34","015",872.237
"19","173",1384.752
"17","121",1492.100
"19","163",1212.660
"31","053",1406.361
"48","039",4166.291
"13","155",939.551
"29","135",1084.872
"37","023",1331.867
"19","193",2273.585
"12","125",646.854
"13","241",976.498
"02","150",
"21","211",998.864
"45","027",1801.754
"05","007",2290.277
"01","113",1676.219
"40","013",2444.059
"72","079",261.931
"22","073",1636.226
"06","025",11604.813
"48","279",2635.871
"16","087",3816.099
"27","117",1206.837
"16","057",2788.853
"30","047",4283.837
"20","175",1658.655
"13","275",1430.238
"72","045",73.877
"45","087",1336.502
"53","011",1697.993
"20","053",1873.301
"28","001",1262.738
"22","063",1790.869
"08","035",2183.039
"06","033",3443.201
"13","005",740.277
"17","095",1864.265
"20","203",1861.140
"17","111",1582.659
"31","049",1141.440
"05","043",2164.403
"01","073",2911.402
"13","083",451.073
"17","071",1023.635
"28","067",1812.236
"27","013",1982.868
"47","119",1594.340
"48","249",2249.519
"20","085",1704.267
"39","063",1382.146
"51","179",725.325
"31","181",1489.355
"48","127",3456.372
"19","031",1507.185
"46","039",1648.821
"19","089",1226.634
"12","099",6172.371
"36","089",7307.176
"46","025",2505.809
"31","057",2385.003
"08","003",1873.314
"12","017",2002.690
"45","089",2426.939
"55","127",1493.363
"18","161",427.807
"27","067",2233.492
"23","029",8437.317
"72","103",187.151
"37","093",1014.358
"27","161",1121.399
"16","049",22024.155
"31","087",1860.846
"30","011",8671.301
"38","005",3728.019
"19","181",1484.970
"42","073",937.015
"51","101",740.613
"41","011",4678.442
"48","165",3892.368
"22","047",1690.900
"12","037",2687.449
"38","023",3352.346
"17","181",1093.272
"45","013",2391.803
"55","023",1551.947
"48","303",2332.809
"12","029",
"13","303",1772.473
"53","063",4611.887
"54","055",1089.549
"12","033",2265.472
"40","103",1923.227
"37","187",1092.739
"17","109",1528.352
"34","025",1723.573
"40","041",2051.795
"20","011",1655.240
"06","029",21141.223
"54","007",1337.141
"37","081",1703.269
"01","107",2305.415
"08","107",6133.435
"51","590",113.186
"54","087",1252.827
"17","201",1344.667
"60","050",269.225
"48","047",2444.019
"17","123",1032.208
"26","069",4895.239
"31","051",1250.232
"13","001",1326.751
"48","073",2751.015
"27","023",1522.500
"28","047",2550.332
"53","039",4932.447
"30","067",7286.251
"13","149",779.831
"48","297",2794.281
"08","125",6134.899
"16","005",2973.413
"48","493",2093.774
"18","181",1317.473
"47","117",974.244
"55","141",2095.953
"13","067",892.429
"08","019",1026.509
"48","217",2552.972
"31","033",3098.661
"20","079",1400.464
"72","027",160.488
"51","115",652.580
"36","067",2086.541
"49","007",3846.913
"42","027",2882.717
"54","067",1694.905
"18","145",1069.034
"22","123",933.865
"54","009",239.748
"29","171",1345.787
"18","097",1043.791
"72","059",166.392
"48","475",2164.825
"16","029",4658.458
"05","011",1691.047
"16","021",3310.143
"46","023",2979.098
"48","459",1534.789
"40","061",1619.956
"51","165",2211.591
"37","009",1108.995
"51","177",1073.004
"56","035",12783.284
"48","479",8742.743
"37","175",985.034
"48","061",3305.938
"37","055",3993.072
"12","057",3278.278
"31","031",15564.323
"51","117",1759.200
"13","189",689.963
"31","101",2874.204
"13","025",1158.247
"26","007",4389.839
"21","231",1253.975
"47","185",
"42","043",1445.668
"31","171",1848.432
"48","027",2817.484
"01","019",1553.932
"36","111",3006.355
"23","023",958.373
"19","109",2523.487
"19","085",1817.226
"19","187",1860.868
"17","151",969.656
"26","151",4117.928
"51","540",26.581
"01","013",2014.704
"06","083",
"48","433",2383.416
"06","097",4578.947
"48","383",3045.842
"29","093",1429.840
"18","051",1292.829
"39","033",1042.979
"31","127",1060.871
"32","023",47134.150
"17","175",746.841
"27","005",3743.007
"26","135",1480.225
"50","021",2446.971
"51","550",908.948
"72","001",173.778
"38","091",1852.877
"55","097",2131.088
"17","169",1143.114
"31","071",1479.880
"28","035",1217.916
"17","177",1462.742
"72","009",81.166
"48","345",2563.608
"31","173",1025.836
"21","171",860.023
"51","143",2533.610
"26","161",1871.063
"39","071",1444.675
"06","113",2651.023
"42","133",2358.799
"40","093",2481.090
"27","111",5761.538
"72","135",71.378
"46","021",1996.458
"48","139",2465.016
"05","045",1719.966
"27","075",7745.668
"18","141",1194.983
"21","183",1544.222
"16","001",2746.865
"42","049",4035.800
"46","109",2941.651
"40","027",1444.974
"27","163",1095.076
"05","123",1664.047
"28","005",1894.829
"19","153",1532.067
"40","113",5967.409
"37","039",1208.659
"54","017",830.029
"06","103",7671.998
"21","035",1063.699
"19","155",2484.162
"13","121",1383.923
"48","313",1223.597
"46","003",1846.104
"38","053",7408.833
"46","105",7484.998
"01","129",2819.373
"27","043",1869.724
"48","443",6107.342
"51","023",1414.025
"13","269",
"42","123",2327.267
"04","012",11682.065
"26","077",1502.965
"20","055",3373.874
"17","107",1603.011
"19","179",1129.290
"40","153",3228.494
"41","071",1860.661
"72","007",77.948
"51","175",1560.000
"39","077",1281.581
"05","109",1590.589
"08","077",8653.341
"20","103",1214.557
"29","159",1777.455
"08","033",2766.675
"27","029",2667.154
"06","087",1572.538
"48","031",1847.767
"51","069",1076.037
"01","031",1762.473
"23","025",10601.790
"48","339",2789.064
"30","057",9333.132
"02","230",1152.665
"13","123",1116.170
"54","075",2439.301
"40","135",1849.403
"20","157",1865.950
"18","123",1000.486
"28","145",1079.787
"56","041",5408.258
"18","003",1709.454
"17","009",795.973
"48","353",2367.114
"51","085",1224.471
"47","149",1616.299
"45","081",1196.335
"51","820",39.136
"36","097",886.652
"21","175",994.004
"42","109",858.703
"51","157",692.043
"26","033",6989.005
"01","097",4258.085
"18","047",1012.814
"08","101",6210.185
"06","061",3890.773
"45","035",1479.359
"48","029",3253.216
"26","085",1487.544
"24","005",1765.704
"55","079",3080.824
"01","009",1685.119
"20","021",1530.742
"72","043",202.090
"72","055",205.813
"42","037",1269.507
"47","127",337.778
"41","069",4445.717
"12","119",1501.741
"29","071",2410.464
"01","109",1742.985
"38","039",1855.933
"37","125",1827.698
"26","079",1477.749
"47","069",1736.279
"19","125",1477.608
"48","275",2215.687
"31","139",1488.189
"17","091",1764.560
"38","051",2575.903
"26","105",3217.580
"20","129",1890.502
"37","075",781.247
"31","145",1859.627
"47","153",689.049
"29","151",1588.769
"72","077",68.933
"49","017",13489.185
"01","043",1955.496
"28","031",1074.666
"21","029",777.682
"29","107",1654.855
"72","095",99.366
"21","229",780.102
"46","063",6936.288
"27","099",1842.950
"40","109",1860.755
"19","191",1787.412
"51","083",2148.438
"37","091",933.427
"27","157",1423.314
"37","085",1557.478
"30","083",5447.978
"17","167",2271.451
"72","065",152.189
"47","093",1362.131
"37","101",2060.845
"17","007",730.544
"17","137",1482.649
"47","133",1126.214
"48","101",2335.173
"29","229",1769.314
"21","007",708.861
"51","155",853.255
"31","019",2526.273
"05","099",1607.447
"39","055",1057.475
"50","003",1755.161
"02","180",
"51","065",754.377
"18","033",942.389
"01","059",1674.485
"26","097",5440.410
"18","125",883.430
"48","395",2241.078
"26","125",2349.733
"20","049",1684.698
"18","101",881.649
"72","033",18.249
"31","175",1477.480
"24","043",1210.413
"49","037",20546.995
"13","267",1264.817
"48","429",2386.645
"53","043",6059.688
"13","125",374.132
"51","091",1077.059
"13","191",1486.378
"37","123",1298.962
"01","021",1815.069
"37","171",1392.724
"30","079",4512.873
"19","005",1706.210
"48","299",2501.557
"42","007",1150.064
"40","001",1495.152
"56","023",10605.022
"22","019",2834.148
"30","065",4847.697
"46","101",1348.876
"54","103",935.839
"47","123",1690.192
"20","075",2583.852
"01","105",1874.839
"13","075",603.993
"47","097",1314.620
"17","131",1473.016
"48","157",2293.019
"27","143",1555.412
"13","293",
"17","115",1517.091
"72","139",55.379
"37","159",1356.959
"54","011",745.960
"06","073",11721.779
"47","177",1124.144
"36","109",1273.103
"17","093",834.549
"19","065",1894.162
"28","111",1684.014
"46","129",1928.590
"13","277",696.161
"02","195",9898.512
"29","131",1553.972
"29","021",1075.304
"27","025",1145.769
"35","007",9759.411
"08","055",4126.549
"51","113",833.655
"20","091",1242.999
"27","169",1661.690
"21","051",1220.225
"24","019",2545.927
"38","049",4950.812
"45","059",1874.733
"40","151",3341.053
"30","093",1861.087
"40","057",1395.292
"13","077",1154.702
"36","119",1294.976
"17","027",1303.136
"26","147",2166.542
"50","015",1201.131
"49","025",10640.083
"27","093",1669.961
"12","085",1950.583
"55","083",2975.503
"31","073",1198.448
"45","045",2058.628
"31","005",1860.405
"37","161",1469.169
"31","097",975.735
"17","063",1115.072
"23","019",9212.684
"02","164",87886.250
"27","101",1863.506
"47","031",1125.490
"17","145",1157.786
"42","083",2549.117
"08","069",6822.033
"72","057",276.656
"32","031",16941.518
"17","079",1290.378
"72","141",298.028
"47","011",858.448
"48","291",3046.722
"13","017",657.617
"21","037",412.897
"22","109",5392.413
"45","021",1030.447
"48","197",1804.886
"37","059",690.367
"72","125",141.174
"18","113",1081.146
"18","021",933.228
"46","065",2073.870
"48","427",3183.366
"48","301",1752.211
"06","059",2455.300
"28","079",1516.074
"19","091",1128.391
"17","045",1615.966
"39","065",1218.727
"26","113",1486.383
"38","033",2596.429
"48","269",2365.547
"48","261",5039.586
"22","057",3804.548
"21","223",404.600
"20","137",2282.544
"46","115",3910.209
"47","005",1129.832
"51","109",1322.771
"18","105",1065.318
"19","117",1125.110
"27","041",1864.805
"39","171",1095.804
"13","313",753.828
"13","255",516.995
"19","069",1508.730
"44","005",812.295
"48","393",2393.646
"36","051",1658.260
"29","129",1178.730
"55","021",2061.591
"48","483",2371.085
"55","019",3156.341
"22","001",1702.799
"39","153",1088.137
"05","075",1534.200
"55","057",2085.368
"55","107",2410.906
"55","133",1503.587
"18","063",1058.730
"36","093",542.457
"31","037",1078.772
"19","093",1119.006
"42","053",1114.981
"37","001",1124.677
"17","025",1216.088
"29","103",1312.684
"18","115",226.479
"38","085",2922.031
"18","173",1012.820
"72","053",272.801
"48","507",3371.478
"31","007",1933.074
"28","009",1058.411
"21","055",961.250
"51","119",545.865
"38","035",3728.074
"20","071",2016.058
"13","251",1698.693
"04","027",14294.028
"29","043",1460.256
"28","071",1759.194
"28","085",1523.561
"49","011",1645.194
"39","001",1518.375
"39","059",1368.297
"19","039",1118.241
"20","149",2231.657
"48","481",2834.405
"47","009",1467.496
"27","107",2270.721
"01","099",2679.080
"50","009",1747.390
"29","105",1989.095
"54","107",975.821
"29","041",1985.895
"06","051",8111.535
"05","027",1985.879
"48","449",1102.411
"26","065",1452.242
"20","033",2045.285
"48","489",2032.537
"36","049",3340.920
"18","077",939.878
"54","073",348.476
"51","071",936.440
"44","009",
"13","289",939.218
"01","115",1692.194
"18","061",1260.083
"12","087",
"72","069",184.918
"29","073",1362.225
"39","117",1054.700
"29","045",1325.621
"17","127",626.355
"47","043",
"29","009",2048.153
"19","075",1299.892
"17","087",903.088
"05","041",2122.547
"47","135",1095.221
"54","023",1243.934
"48","235",2723.663
"54","063",1226.725
"37","095",3778.897
"39","043",1621.012
"29","189",1354.390
"37","167",1048.613
"48","191",2341.600
"15","005",136.822
"41","053",1927.137
"01","041",1582.342
"26","043",2011.351
"36","007",1853.173
"45","001",1326.025
"26","017",1633.548
"48","321",4176.388
"05","061",1541.856
"22","015",2246.704
"56","001",11159.618
"13","103",1250.714
"72","054",39.426
"29","197",798.132
"01","035",2208.640
"12","063",2472.309
"56","027",6806.351
"39","025",1190.789
"48","051",1752.935
"30","041",7553.518
"51","021",928.859
"30","111",6860.596
"29","187",1177.598
"47","015",688.149
"27","147",1119.753
"51","185",1346.583
"39","089",1780.258
"31","079",1430.047
"55","109",1905.419
"18","009",428.858
"13","177",
"51","103",599.353
"46","099",2107.890
"26","035",1490.201
"34","037",1386.788
"36","091",2185.452
"49","013",8418.301
"38","071",3369.591
"47","061",935.301
"51","027",1305.191
"22","049",1502.911
"38","021",2958.174
"29","005",1424.822
"48","045",2335.060
"40","015",3341.466
"36","041",4682.194
"29","037",1819.187
"51","029",1511.127
"37","029",803.562
"08","013",
"12","109",2127.765
"29","079",1134.519
"47","075",1383.214
"26","095",4953.306
"33","019",1430.023
"13","141",1237.538
"54","029",227.836
"72","003",117.950
"29","139",1399.866
"48","473",1341.158
"05","105",1451.757
"69","120",741.131
"20","029",1859.587
"17","039",1049.171
"54","027",1669.537
"48","445",2307.527
"45","007",1957.377
"28","039",1252.655
"17","085",1602.175
"48","469",2302.071
"18","135",1174.077
"29","059",1405.967
"21","081",675.401
"13","039",2024.989
"38","017",4578.609
"46","033",4037.955
"38","061",5028.500
"02","050",
"29","227",691.059
"56","025",13922.899
"19","131",1216.167
"22","025",1915.092
"16","059",11834.021
"28","029",2018.804
"02","060",2198.091
"49","031",1984.632
"21","043",1067.376
"26","049",1682.423
"22","007",944.130
"05","097",2072.899
"13","179",1560.539
"40","141",2277.122
"18","035",1025.400
"72","063",73.330
"21","145",694.549
"22","117",1750.527
"17","183",2334.166
"22","085",2619.955
"48","373",2874.005
"36","123",973.291
"53","033",5976.277
"41","017",7910.301
"36","107",1354.253
"46","083",1496.362
"18","147",1039.690
"48","389",6842.932
"12","091",2802.570
"37","121",574.668
"40","067",2005.104
"05","145",2699.121
"26","117",1866.738
"12","021",5969.864
"50","005",
"48","085",2295.114
"12","115",1878.479
"26","031",2293.172
"18","153",1176.155
"51","135",818.563
"01","075",1568.145
"29","035",1318.358
"22","095",1061.525
"26","045",1500.725
"02","282",23730.330
"31","083",1486.811
"29","061",1473.820
"39","097",1208.565
"50","007",1603.978
"15","009",
"20","031",1694.095
"40","053",2598.947
"13","205",1330.797
"51","680",128.271
"48","043",16037.935
"72","083",120.448
"22","029",1935.503
"48","193",2166.248
"20","003",1511.864
"28","049",2272.147
"54","069",282.373
"54","065",594.697
"33","017",990.905
"48","341",2355.907
"49","019",9543.915
"05","111",1977.669
"48","453",2649.666
"20","073",2985.289
"18","169",1090.322
"49","005",3037.737
"55","093",1535.153
"13","233",808.440
"29","101",2157.957
"24","510",238.410
"48","245",2881.754
"29","125",1372.506
"31","077",1477.993
"18","057",1042.307
"28","087",1337.638
"17","057",2286.107
"38","015",4321.351
"39","155",1648.705
"08","113",3337.811
"54","051",808.475
"48","143",2822.587
"41","047",3084.185
"48","007",1367.395
"40","055",1666.889
"54","057",852.676
"17","189",1460.506
"05","127",2326.088
"20","099",1691.567
"47","087",827.566
"12","069",2996.475
"18","127",1351.466
"39","073",1097.191
"39","109",1060.808
"60","020",521.859
"27","083",1869.110
"18","055",1413.904
"45","063",1962.274
"46","055",4731.733
"19","043",2052.992
"22","099",
"08","073",6698.940
"05","103",1915.949
"40","071",2447.324
"20","123",1862.613
"54","093",1090.624
"54","015",890.480
"18","167",1063.062
"39","005",1105.431
"35","015",10873.182
"31","117",2227.414
"55","113",3497.101
"34","017",161.600
"48","431",2391.890
"32","011",10826.042
"35","009",3648.289
"51","035",1237.169
"29","087",1218.209
"48","295",2414.722
"21","021",473.555
"55","095",2477.104
"29","055",1926.312
"21","015",664.355
"31","113",1479.208
"27","009",1069.770
"37","165",830.412
"17","139",892.239
"12","065",1648.624
"48","349",2812.562
"35","045",14344.460
"17","179",1704.159
"01","061",1499.476
"19","055",1499.379
"12","047",1344.350
"28","045",1431.657
"31","155",1967.925
"36","009",3425.242
"21","121",1004.267
"53","023",1860.350
"45","073",1744.896
"46","103",7211.716
"17","187",1406.441
"01","089",2104.923
"48","063",526.372
"19","145",1386.857
"37","133",2344.441
"47","057",783.316
"27","017",2266.955
"21","057",805.247
"17","153",526.716
"17","119",1917.152
"20","205",1489.435
"22","069",3364.375
"51","139",811.320
"48","293",2416.883
"19","095",1521.599
"51","193",655.061
"48","463",4036.842
"19","063",1042.525
"37","183",2220.251
"32","017",27550.147
"26","115",1761.022
"46","069",2243.562
"13","195",739.688
"28","141",1151.299
"55","069",2348.578
"36","033",4396.340
"28","081",1173.719
"20","077",2079.190
"19","133",1810.230
"31","177",1018.374
"20","201",2327.558
"29","203",2600.349
"27","129",2556.597
"35","037",7462.064
"12","133",1595.314
"48","069",2329.158
"21","049",660.852
"26","005",4748.199
"27","103",1209.378
"55","075",4014.476
"25","009",2145.781
"55","043",3064.924
"72","131",184.456
"36","087",516.061
"05","089",1658.395
"27","151",1947.930
"29","033",1816.595
"46","127",1209.857
"48","175",2225.749
"29","065",1954.160
"51","047",991.094
"47","113",1446.832
"31","115",1479.079
"28","147",1047.406
"45","017",1016.530
"42","121",1768.538
"39","149",1063.730
"01","039",2703.360
"46","091",2295.311
"08","071",12368.784
"54","059",1098.105
"06","079",9364.132
"27","019",974.117
"34","021",592.733
"12","015",2222.795
"37","037",1836.275
"48","265",2867.850
"28","017",1305.989
"13","049",2026.379
"16","055",3390.282
"48","041",1531.301
"37","069",1280.936
"30","059",6202.386
"51","089",995.554
"26","163",1742.402
"39","145",1595.815
"47","027",671.698
"21","177",1241.640
"12","086",6296.711
"51","009",1240.453
"72","073",115.344
"48","149",2485.892
"48","477",1610.327
"42","023",1031.894
"17","023",1307.326
"19","013",1483.232
"17","161",1168.844
"18","015",971.294
"42","101",369.588
"27","165",1138.897
"16","039",8032.748
"13","015",1215.939
"29","153",1956.042
"16","023",5797.734
"72","019",88.792
"49","057",1708.981
"29","127",1150.737
"36","019",2894.383
"45","003",2797.625
"45","071",1676.464
"46","135",1378.550
"72","113",501.437
"42","131",1049.050
"02","068",32795.683
"21","217",716.964
"54","045",1180.040
"20","121",1528.754
"51","153",
"22","077",1529.938
"17","069",470.076
"36","029",3177.540
"21","065",662.026
"41","027",1381.244
"19","137",1100.816
"12","035",1478.439
"13","231",568.256
"46","009",1506.386
"45","075",2921.207
"48","079",2007.683
"37","099",1281.716
"49","043",4871.395
"40","031",2807.193
"06","049",10886.382
"47","035",1773.674
"27","141",1168.196
"46","035",1131.690
"13","235",650.631
"21","143",664.414
"13","299",2351.676
"13","287",751.046
"17","013",734.467
"39","039",1072.724
"12","059",1266.626
"28","059",2702.402
"04","015",34862.810
"45","051",3248.884
"31","029",2324.512
"29","213",1687.740
"13","209",633.755
"48","363",2552.455
"40","007",4707.755
"06","107",12532.097
"51","163",1553.875
"47","103",1478.150
"47","037",
"56","019",10812.157
"72","071",237.893
"42","041",1425.297
"36","013",3885.456
"51","195",1050.161
"28","025",1077.459
"48","283",3870.050
"19","119",1522.342
"05","073",1411.748
"27","087",1509.720
"29","157",1253.969
"21","005",529.085
"47","049",1292.227
"47","137",451.936
"30","107",3697.220
"46","089",2982.463
"39","147",1431.729
"48","059",2334.262
"26","121",3781.444
"06","093",16441.084
"28","033",1287.181
"29","069",1417.207
"22","005",784.225
"51","041",
"17","077",1559.752
"49","045",18870.632
"12","045",1928.052
"48","351",2433.885
"21","011",735.568
"42","005",1719.344
"48","205",3789.459
"20","173",2613.611
"39","107",1226.164
"48","361",982.978
"39","133",1305.498
"48","247",2942.768
"13","089",702.302
"48","215",4099.499
"41","049",5303.419
"27","153",2536.895
"16","065",1225.897
"21","001",1068.095
"02","188",105204.744
"40","059",2695.179
"28","055",1143.290
"48","277",2416.725
"51","580",14.685
"04","021",13920.343
"72","051",139.109
"47","041",852.070
"36","103",6146.394
"28","003",1039.518
"31","001",1461.351
"05","071",1767.579
"48","083",3318.897
"16","081",1166.009
"16","077",3735.098
"36","001",1381.245
"09","011",1999.375
"08","023",3188.281
"45","069",1257.356
"37","031",3445.751
"19","037",1309.648
"19","081",1484.161
"19","061",1596.627
"56","009",11046.455
"42","061",2303.190
"42","009",2633.773
"27","089",4695.404
"49","029",1582.177
"27","007",7913.443
"25","007",1271.585
"08","029",2974.878
"01","085",1877.923
"06","105",8307.674
"48","003",3887.808
"37","077",1392.354
"30","029",13612.960
"42","097",1236.792
"41","061",5280.589
"40","075",2669.337
"20","145",1954.524
"20","209",404.541
"02","240",65042.654
"39","095",1543.213
"27","065",1382.234
"26","019",2226.260
"27","081",1420.433
"13","307",544.579
"30","089",7225.800
"19","197",1507.973
"27","021",6252.191
"28","163",2419.460
"41","025",26489.644
"46","029",1857.446
"46","007",3083.252
"24","041",1234.925
"05","081",1462.737
"51","161",650.669
"18","025",799.577
"72","041",94.418
"12","067",1419.074
"48","243",5865.379
"47","029",1147.517
"47","067",578.805
"54","105",608.041
"29","075",1273.539
"37","015",1919.947
"26","063",5534.298
"21","221",1246.637
"01","069",1506.538
"21","137",871.253
"20","087",1441.788
"22","045",2669.057
"48","161",2310.249
"06","057",2522.119
"48","241",2511.505
"39","143",1081.865
"51","790",51.742
"39","113",1202.838
"46","095",3395.177
"28","093",1838.185
"20","095",2244.637
"36","117",3582.098
"18","027",1131.499
"08","057",4198.281
"29","133",1110.490
"39","141",1794.926
"21","111",1029.997
"21","075",
"19","003",1102.054
"13","007",904.264
"13","087",1613.998
"48","455",1849.182
"54","053",1151.808
"08","119",1447.679
"37","089",971.466
"17","047",576.794
"21","069",909.910
"46","123",4189.520
"45","043",2681.046
"27","119",5174.256
"27","127",2283.714
"22","041",1645.776
"29","083",1896.712
"20","147",2316.889
"72","105",71.868
"20","161",1611.119
"01","065",1700.331
"48","397",385.282
"16","037",12790.906
"27","057",2588.671
"31","151",1492.633
"47","003",1229.701
"41","001",7997.830
"06","111",
"19","025",1481.768
"72","121",94.076
"42","033",2988.647
"26","013",2768.534
"56","003",8179.912
"38","101",5324.716
"28","139",1191.277
"06","043",3788.698
"27","139",954.069
"47","099",1600.578
"25","019",786.464
"45","009",1024.501
"17","037",1643.716
"48","211",2362.476
"05","121",1699.141
"13","143",733.421
"37","003",682.804
"47","023",740.629
"19","185",1365.288
"38","063",2612.963
"42","085",1767.818
"17","193",1299.833
"55","039",1983.521
"55","061",2808.288
"48","369",2292.668
"20","167",2329.530
"22","083",1462.114
"01","133",1636.531
"48","155",1832.894
"06","071",52071.995
"31","055",878.904
"51","600",16.247
"21","067",739.538
"40","125",2055.221
"02","122",64025.524
"55","035",1671.060
"17","105",2708.960
"48","115",2336.502
"02","261",
"46","085",4420.799
"22","119",1592.428
"06","115",1667.972
"29","183",1534.966
"13","109",483.990
"48","173",2333.798
"38","031",1675.363
"31","121",1286.651
"55","119",2550.005
"28","113",1063.692
"17","203",1405.299
"18","045",1030.503
"05","003",2435.960
"31","075",2028.542
"72","087",169.910
"40","035",1975.307
"48","231",2284.429
"05","135",1570.603
"55","055",1509.294
"51","053",1314.046
"28","083",1570.514
"39","081",1064.372
"40","107",1628.449
"72","013",443.385
"20","141",2316.411
"19","071",1338.087
"37","119",1414.340
"06","047",5124.685
"47","183",1506.815
"01","103",1551.534
"50","013",504.199
"34","041",939.259
"24","017",1665.197
"05","025",1550.740
"20","047",1610.906
"35","005",15734.389
"30","075",8543.856
"32","027",15714.628
"35","001",3023.495
"34","033",964.905
"12","009",4032.675
"12","077",2183.682
"18","095",1173.017
"08","061",4625.637
"19","079",1495.750
"44","001",115.860
"01","051",1701.727
"51","107",1350.250
"37","127",1405.918
"21","155",898.356
"13","153",983.944
"26","041",5157.528
"21","033",901.700
"21","045",1154.464
"21","163",840.458
"36","005",148.597
"31","135",2290.668
"21","053",532.028
"48","189",2602.356
"28","061",1754.633
"39","047",1054.164
"78","030",799.030
"55","063",1243.187
"22","021",1400.481
"29","123",1288.776
"13","265",505.947
"34","007",589.014
"37","115",1169.339
"41","051",1204.781
"54","005",1303.274
"21","119",913.881
"27","063",1862.810
"18","089",1623.022
"15","003",
"08","093",5725.703
"48","435",3766.952
"01","057",1630.024
"72","097",
"72","123",295.572
"46","015",2192.365
"42","019",2060.939
"29","201",1102.965
"17","103",1886.922
"48","091",1488.938
"36","011",2236.899
"20","181",2735.742
"39","169",1441.980
"06","053",9767.418
"18","065",1022.610
"21","159",597.267
"21","189",513.569
"49","027",17707.677
"30","051",3748.051
"29","003",1130.188
"54","077",1687.089
"55","135",1981.792
"12","103",1575.045
"37","189",811.493
"54","031",1513.814
"47","111",795.745
"20","177",1439.334
"48","385",1813.159
"46","027",1081.110
"54","001",887.978
"47","175",711.036
"19","007",1337.067
"22","097",2431.952
"36","069",1715.935
"40","085",1378.532
"26","059",1572.146
"31","003",2223.742
"18","131",1125.438
"37","049",2002.792
"18","013",820.070
"08","007",3510.453
"42","025",1003.328
"47","171",482.729
"45","083",2121.235
"41","033",4249.713
"17","051",1878.499
"13","305",1680.377
"53","007",7755.469
"37","149",617.570
"42","051",2067.612
"72","011",116.355
"20","183",2323.126
"22","031",2316.928
"53","019",5846.656
"37","035",1077.496
"22","017",2425.746
"37","113",1345.949
"21","105",655.370
"17","099",2973.769
"55","101",2051.641
"08","065",994.327
"06","085",3377.487
"45","019",3517.137
"39","027",1067.839
"08","105",2362.941
"37","179",1656.670
"05","147",1538.474
"30","045",4844.534
"72","137",108.278
"35","039",15271.058
"55","077",1202.958
"53","055",1607.911
"08","047",389.499
"54","003",832.828
"13","165",912.902
"12","121",1792.936
"72","015",92.329
"18","079",979.911
"36","021",1678.842
"16","073",19934.690
"46","057",1393.599
"54","081",1578.201
"26","027",1316.515
"28","099",1480.472
"17","143",1633.124
"27","097",2987.256
"40","091",1844.227
"19","115",1081.368
"36","035",1380.151
"22","101",2899.291
"27","015",1601.300
"21","239",497.320
"56","039",10922.650
"38","059",5037.958
"37","021",1709.262
"48","487",2532.941
"37","117",1182.882
"18","121",1165.477
"19","017",1138.052
"48","343",670.032
"50","001",2092.084
"29","185",1818.331
"16","063",3123.106
"47","039",893.243
"38","041",2936.495
"60","040",151.603
"18","093",1170.490
"21","169",754.178
"29","155",1329.787
"48","319",2414.430
"54","099",1326.365
"36","101",3636.561
"18","073",1453.992
"46","067",2109.339
"46","043",1123.192
"24","047",1799.688
"40","095",1105.874
"05","063",1998.409
"05","085",2080.600
"01","033",1614.903
"37","145",1047.360
"20","195",2330.009
"13","181",666.398
"31","095",1490.969
"29","145",1622.822
"06","037",
"28","073",1294.981
"30","033",12559.099
"28","015",1643.568
"48","203",2371.791
"40","131",1842.754
"48","103",2035.016
"26","001",4637.754
"29","225",1537.841
"18","017",1074.450
"21","129",547.157
"49","003",17428.670
"13","319",1170.545
"08","025",2072.851
"31","041",6671.691
"28","011",2346.057
"48","407",1626.282
"39","139",1295.192
"48","257",2091.703
"04","011",4784.875
"13","061",562.641
"69","100",624.190
"41","037",21647.392
"13","283",524.335
"48","317",2371.657
"19","097",1682.474
"13","043",644.539
"01","037",1725.838
"18","163",612.883
"34","023",836.330
"25","005",1790.011
"36","115",2190.841
"35","023",8929.344
"08","083",5283.199
"29","039",1291.509
"30","013",7022.636
"26","093",1516.194
"46","079",1489.663
"37","033",1110.337
"51","019",2010.724
"05","143",2466.608
"51","169",1395.892
"08","095",1782.027
"28","105",1196.400
"21","071",1024.872
"37","087",1436.152
"13","321",1488.609
"21","235",1152.852
"31","133",1121.331
"32","007",44553.808
"32","019",5242.776
"40","039",2595.253
"39","127",1068.335
"51","670",28.046
"06","015",3184.861
"40","127",3684.422
"13","101",1089.659
"37","017",2298.899
"29","219",1133.819
"55","081",2351.917
"21","225",941.142
"27","145",3599.997
"47","025",1143.672
"69","085",
"21","109",897.459
"22","033",1217.903
"30","101",5037.896
"13","249",434.661
"16","043",4911.074
"55","017",2696.862
"21","199",1753.821
"13","173",517.450
"28","107",1826.282
"48","121",2468.013
"19","047",1851.937
"13","027",
"13","201",734.683
"22","003",1983.718
"30","095",4677.284
"36","015",1063.913
"29","031",1518.573
"31","069",4482.945
"54","091",455.008
"72","119",231.885
"48","015",1700.012
"51","147",916.436
"12","049",1652.770
"18","177",1047.241
"21","147",1116.147
"49","039",4149.951
"20","093",2255.830
"50","023",1800.606
"40","105",1504.364
"29","015",1949.044
"51","131",2059.700
"29","137",1735.720
"54","039",2359.272
"51","025",1474.922
"37","181",695.892
"56","015",5781.281
"13","009",694.831
"12","073",1817.635
"21","207",732.645
"25","023",2831.622
"39","053",1220.393
"01","067",1471.914
"29","013",2205.064
"28","089",1921.877
"48","227",2341.881
"06","091",2491.994
"47","065",1491.296
"25","025",311.378
"17","067",2109.362
"17","113",3072.402
"55","033",2237.476
"42","127",1944.082
"30","015",10351.392
"35","059",9922.334
"37","155",2458.512
"05","083",1895.826
"05","091",1651.513
"05","001",2677.392
"37","151",2045.997
"40","081",2501.353
"18","129",1086.047
"42","031",1579.488
"46","087",1494.081
"08","081",12304.749
"21","237",576.924
"45","015",3195.776
"39","111",1184.813
"27","027",2726.357
"12","027",1655.271
"08","043",3972.900
"51","075",748.793
"30","031",6821.448
"31","143",1141.257
"34","005",2124.271
"33","007",4740.478
"48","037",2390.465
"40","133",1658.953
"32","033",23039.785
"13","081",727.646
"36","053",1712.745
"18","081",833.435
"29","223",2004.817
"26","087",1716.759
"22","027",1987.599
"47","017",1554.235
"13","197",951.770
"29","175",1263.472
"41","039",12236.364
"31","013",2791.584
"21","083",1442.073
"35","053",17218.907
"39","007",3542.858
"13","163",1371.831
"53","065",6579.441
"49","041",4968.261
"46","075",2514.586
"51","840",23.864
"28","077",1128.442
"72","109",194.770
"23","011",2463.531
"21","161",638.206
"48","129",2416.578
"02","070",
"40","049",2107.563
"49","015",11582.088
"40","021",2009.895
"19","127",1484.579
"55","027",2349.381
"06","039",5576.864
"30","037",3044.363
"24","039",1580.798
"31","167",1116.290
"51","081",768.721
"21","135",1283.031
"24","029",1070.819
"35","029",7680.211
"46","011",2084.776
"35","031",14130.879
"23","021",11339.065
"42","091",1261.872
"26","011",1762.941
"53","027",5759.105
"20","081",1496.683
"54","097",918.810
"72","035",134.578
"39","075",1098.101
"12","097",3900.619
"55","103",1526.274
"56","033",6543.462
"48","113",2353.310
"36","017",2327.441
"42","081",3221.518
"28","063",1365.609
"30","103",2549.642
"46","093",9020.420
"08","041",5515.602
"05","117",1749.781
"23","007",4516.512
"21","165",533.368
"26","029",3601.220
"39","165",1054.906
"39","083",1371.773
"51","105",1132.519
"18","183",875.195
"05","139",2733.057
"08","005",
"23","003",17682.890
"28","065",1059.663
"47","047",1829.134
"31","107",2951.866
"41","067",1881.974
"50","025",2067.379
"08","109",8211.003
"48","077",2892.379
"48","177",2770.909
"12","129",1905.518
"12","127",3709.997
"05","113",2233.236
"18","069",1004.190
"18","099",1164.829
"27","045",2232.802
"23","001",1287.537
"41","035",15895.328
"36","075",3398.228
"51","167",1233.971
"51","510",39.750
"06","067",2575.410
"06","009",2685.627
"33","009",4531.714
"47","081",1586.699
"36","077",2630.801
"21","201",259.280
"47","089",814.076
"08","085",5808.948
"51","760",162.055
"22","055",697.239
"48","237",2383.110
"24","013",1172.465
"53","031",5666.627
"38","097",2233.698
"29","177",1486.488
"28","125",1126.956
"51","750",25.920
"72","005",195.746
"18","119",1004.478
"53","013",2262.187
"20","171",1858.843
"01","071",
"21","197",466.512
"39","057",1078.098
"48","187",1851.293
"53","029",1339.865
"19","177",1270.486
"42","089",1598.252
"05","101",2132.063
"16","017",4967.941
"13","047",420.770
"16","011",5491.375
"38","105",5562.796
"46","005",3275.846
"38","007",2986.558
"13","211",918.463
"30","007",3206.684
"49","053",6294.819
"13","135",1131.267
"53","051",3692.036
"51","017",1384.666
"30","053",9518.015
"48","229",11839.797
"26","057",1480.468
"05","021",1661.312
"54","109",1299.704
"29","085",1066.363
"39","101",1046.767
"06","011",2994.942
"18","159",674.866
"27","155",1517.346
"37","143",851.929
"22","081",1042.067
"48","207",2357.569
"40","083",1939.472
"22","023",5015.959
"48","221",1131.406
"46","117",3929.445
"01","025",3244.152
"13","065",2134.133
"19","035",1494.604
"05","077",1604.503
"13","239",415.861
"09","005",2446.463
"02","185",245603.186
"23","015",1811.988
"51","830",23.572
"48","135",2335.698
"37","199",811.135
"48","017",2143.623
"21","173",514.989
"17","003",654.207
"16","083",4995.277
"26","055",1557.396
"20","041",2206.527
"40","129",2969.192
"45","039",1838.585
"72","075",277.446
"08","121",6537.015
"48","033",2346.664
"20","131",1863.333
"06","005",1569.404
"05","125",1892.017
"20","119",2536.481
"30","071",13499.272
"46","037",2825.917
"18","001",880.509
"22","011",3019.501
"48","001",2792.010
"51","033",1391.431
"46","051",1780.703
"42","129",2683.451
"27","135",4346.386
